"","baseMean","log2FoldChange","lfcSE","stat","pvalue","padj","symbol","genename"
"ENSG00000280071",3.43991361454376,-5.23865518380012,4.80034617946079,-1.09130779072033,0.275137470816854,0.993529997146041,"LOC102724023","glutamine amidotransferase class 1 domain containing 3B"
"ENSG00000274559",2330.12603954865,0.074423911125301,0.303369990135706,0.24532390660002,0.806205642432654,0.993529997146041,"LOC102724334","histone H2B type F-S-like"
"ENSG00000278903",3.13020849593195,0.969766900152038,4.63678851120153,0.209146243743764,0.83433407558048,0.993529997146041,"LOC124905527","uncharacterized LOC124905527"
"ENSG00000280330|CTBP2P10",23.1551658137518,0.481462262930466,0.951720351960012,0.505886274196956,0.612936488476306,0.993529997146041,"CTBP2P10",NA
"ENSG00000279177|CTBP2P9",36.98595233863,-0.259663269627586,0.650615643658554,-0.399103944331008,0.689816616074981,0.993529997146041,"CTBP2P9",NA
"ENSG00000281383",63.7409910658469,-0.22468032186867,1.01821422699183,-0.220661149601549,0.825356283906729,0.993529997146041,NA,NA
"ENSG00000280800",75.5868642977172,-0.161409527955905,0.806366244968648,-0.200169003803205,0.841348407951218,0.993529997146041,NA,NA
"ENSG00000280614",61.7726124832224,0.158333899985535,0.65056739443667,0.243378167027011,0.80771245559549,0.993529997146041,NA,NA
"ENSG00000281181",66.3876083134488,-0.0200366960017066,0.657674776617801,-0.0304659638989784,0.975695437647526,0.993529997146041,NA,NA
"ENSG00000275945|EIF3FP1",1856.27873870138,-0.0142486709870348,0.275886367823757,-0.0516468830969467,0.958810061854029,0.993529997146041,"EIF3FP1",NA
"ENSG00000232797|FAM207CP",17.9599992949663,-0.556051784676249,0.84287911302552,-0.659705260319356,0.509442990328016,0.993529997146041,"FAM207CP",NA
"ENSG00000224860|GXYLT1P2",12.6667759214211,0.305239162136985,0.816875694641382,0.373666598405757,0.708652378680681,0.993529997146041,"GXYLT1P2",NA
"ENSG00000228184|SNX19P1",153.102107278602,-0.17776326447643,0.613353372428289,-0.289821940283232,0.77195246199085,0.993529997146041,"SNX19P1",NA
"ENSG00000278678|CYCSP41",8.05734915562732,-0.365672940534171,1.10556900180023,-0.330755420908814,0.740829236252915,0.993529997146041,"CYCSP41",NA
"ENSG00000215559|ANKRD20A11P",14.3023189295332,0.494059971876282,1.12663718952287,0.438526241163329,0.661004852054976,0.993529997146041,"ANKRD20A11P",NA
"ENSG00000215562|CNN2P7",5308.37374148394,-0.0526965674685698,0.279747517632142,-0.188371885886987,0.850585136980026,0.993529997146041,"CNN2P7",NA
"ENSG00000228600|POLR2CP1",186.242705080423,-0.0175648130280415,0.354404375958339,-0.0495615015490279,0.960471826221002,0.993529997146041,"POLR2CP1",NA
"ENSG00000180530|NRIP1",7.21955492743814,-0.723644991034561,1.09009585097369,-0.66383611164852,0.50679521034664,0.993529997146041,"NRIP1","nuclear receptor interacting protein 1"
"ENSG00000266195|RN7SL163P",7.01446875518861,0.283395547712614,1.07930012275993,0.262573441563158,0.79287937251243,0.993529997146041,"RN7SL163P","RNA, 7SL, cytoplasmic 163, pseudogene"
"ENSG00000226580|RPL39P40",130.415841943659,-0.114452812717155,0.44904222343312,-0.254882072875272,0.798814182855036,0.993529997146041,"RPL39P40",NA
"ENSG00000232260|BTF3L4P1",30.3440736442587,0.220343270460546,0.563844860881794,0.390787051097624,0.69595464714053,0.993529997146041,"BTF3L4P1",NA
"ENSG00000215386|MIR99AHG",104.462867531524,0.274201109013369,0.309427376407131,0.88615659091711,0.375533151622182,0.993529997146041,"MIR99AHG","mir-99a-let-7c cluster host gene"
"ENSG00000214976|VDAC2P1",345.477896247529,-0.202775988156956,0.529223407786674,-0.383157632813349,0.701602889388994,0.993529997146041,"VDAC2P1",NA
"ENSG00000226818|SLC6A6P1",99.846172294734,-0.694527911704632,0.456816705612504,-1.520364520762,0.128419386277455,0.982030600945242,"SLC6A6P1",NA
"ENSG00000233676|FDPSP6",61.6947984547558,-0.259230655612379,0.455460716464469,-0.569161392500909,0.569246618373226,0.993529997146041,"FDPSP6","farnesyl diphosphate synthase pseudogene 6"
"ENSG00000233206|RPS3AP1",365.896154399616,-0.54581807923368,0.206523078606379,-2.64289145269802,0.00822013834548941,0.133577248114203,"RPS3AP1","RPS3A pseudogene 1"
"ENSG00000229336|SREK1IP1P1",181.506604723069,-0.332188702409099,0.258164163322446,-1.28673437139374,0.1981868886066,0.993529997146041,"SREK1IP1P1",NA
"ENSG00000198618|PPIAP22",14563.2370267458,0.0230819701858208,0.345383991516951,0.0668298784910184,0.946717136977748,0.993529997146041,"PPIAP22",NA
"ENSG00000223488|MAPK6P2",52.9253436532134,-0.129661213287085,0.530968902337358,-0.244197377127564,0.807077958337173,0.993529997146041,"MAPK6P2",NA
"ENSG00000223822|EEF1A1P1",75353.3367892804,-0.31353584217954,0.161418686179002,-1.94237637290549,0.0520915534385802,0.587378236954853,"EEF1A1P1",NA
"ENSG00000237484|LINC01684",2.52492454914227,0.0661369322246877,1.68559493460134,0.0392365513606208,0.968701792290964,0.993529997146041,"LINC01684","long intergenic non-protein coding RNA 1684"
"ENSG00000260583",21.1076573300893,1.16518628216681,0.967517444141409,1.20430519286483,0.228471640336651,0.993529997146041,"LINC00515","long intergenic non-protein coding RNA 515"
"ENSG00000213885|RPL13AP7",17073.8249036189,-0.145174435852033,0.24467131901547,-0.593344722365495,0.552950474606888,0.993529997146041,"RPL13AP7",NA
"ENSG00000227054|FDX1P2",12.8658535077323,-0.360934904747839,0.959097276158261,-0.376327734130986,0.706673263329628,0.993529997146041,"FDX1P2",NA
"ENSG00000235514|LLPHP2",120.26307298548,0.206167918451413,0.545251880979251,0.378115006373098,0.705345160974701,0.993529997146041,"LLPHP2",NA
"ENSG00000166265|CYYR1",4.50438725676467,1.4606781381736,1.55299609447924,0.940554933374385,0.346932985959017,0.993529997146041,"CYYR1","cysteine and tyrosine rich 1"
"ENSG00000154734|ADAMTS1",12.021867089032,0.5397569039785,0.871017511728285,0.619685479006623,0.535464877658244,0.993529997146041,"ADAMTS1","ADAM metallopeptidase with thrombospondin type 1 motif 1"
"ENSG00000215326|GPX1P2",10694.2381709082,-0.15196795987792,0.758749469434787,-0.200287401836505,0.841255814807975,0.993529997146041,"GPX1P2",NA
"ENSG00000142192|APP",291.959401252489,-0.641023672673759,0.502389481407818,-1.27594962951345,0.201973325499609,0.993529997146041,"APP","amyloid beta precursor protein"
"ENSG00000233783",4.79904676124644,-2.37434530982377,1.55784985444001,-1.52411691220221,0.127479508677676,0.982030600945242,NA,NA
"ENSG00000232855",54.9673626619195,-0.30578306622377,0.835607751537641,-0.365940916250578,0.71440916400117,0.993529997146041,NA,NA
"ENSG00000156253|RWDD2B",4.58655148605835,-5.65331111284688,4.79645167312991,-1.17864444345748,0.23853978657302,0.993529997146041,"RWDD2B","RWD domain containing 2B"
"ENSG00000156265|MAP3K7CL",239.35007994887,-1.73775240049013,2.43698217967433,-0.713075546872631,0.475799010116462,0.993529997146041,"MAP3K7CL","MAP3K7 C-terminal like"
"ENSG00000156273|BACH1",5.02456850237422,-5.78299177416137,2.95502565049358,-1.95700222541061,0.05034720671354,0.587378236954853,"BACH1","BTB domain and CNC homolog 1"
"ENSG00000174680|GRIK1-AS1",8.92589801883974,0.112548374096084,1.19961361984657,0.0938205204026266,0.925251730659288,0.993529997146041,"GRIK1-AS1",NA
"ENSG00000230870|FBXW11P1",78.4454512634587,-0.0603808699292039,0.537380264880679,-0.112361532187288,0.910536754995962,0.993529997146041,"FBXW11P1","F-box and WD repeat domain containing 11 pseudogene 1"
"ENSG00000142168|SOD1",41.3249472463446,8.82902538818851,4.78607227709221,1.84473298291948,0.0650763904387724,0.650763904387724,"SOD1","superoxide dismutase 1"
"ENSG00000234107|TPT1P1",11.9393474225973,-0.531516932420979,1.02413767086656,-0.518989729155501,0.603767903614539,0.993529997146041,"TPT1P1",NA
"ENSG00000237325",79.6738210295955,0.347228518935934,0.367772878792894,0.944138458702039,0.345098898639985,0.993529997146041,"MTRES1P2","MTRES1 pseudogene 2"
"ENSG00000261610",4.16174959520764,0.594986399861049,1.65162876878544,0.360242211267961,0.718666010738838,0.993529997146041,NA,NA
"ENSG00000233300|EIF4A1P1",2352.95815601919,-0.0122253687904772,0.290176374795589,-0.0421308206055341,0.966394410686224,0.993529997146041,"EIF4A1P1","eukaryotic translation initiation factor 4A1 pseudogene 1"
"ENSG00000217026|RPL10P1",6818.55174765106,-0.220421972370372,0.168264857578771,-1.30997033808551,0.190205870218951,0.993529997146041,"RPL10P1","ribosomal protein L10 pseudogene 1"
"ENSG00000256073|URB1-AS1",12.1700755139005,0.241901701084185,1.03672130149381,0.233333395132934,0.815502528609037,0.993529997146041,"URB1-AS1",NA
"ENSG00000265590|CFAP298-TCP10L",13.8873621886395,-1.53704898732295,4.30865846139481,-0.356734932948335,0.721290251188587,0.993529997146041,"CFAP298-TCP10L","CFAP298-TCP10L readthrough"
"ENSG00000159079|CFAP298",8.02714802626837,6.46374493422605,4.7915749598186,1.34898128244471,0.177342978242251,0.993529997146041,"CFAP298","cilia and flagella associated protein 298"
"ENSG00000229007|EXOSC3P1",288.452562480789,0.123211995532715,0.557633895727016,0.220954996596966,0.825127474413626,0.993529997146041,"EXOSC3P1",NA
"ENSG00000159110|IFNAR2",584.090553244008,-0.268174282307617,3.44580234405474,-0.0778263682971589,0.93796617119109,0.993529997146041,"IFNAR2","interferon alpha and beta receptor subunit 2"
"ENSG00000249624|IFNAR2-IL10RB",54.1213075354885,-9.21290772107846,4.78573075764784,-1.92507856952792,0.0542195295650633,0.587378236954853,"IFNAR2-IL10RB","IFNAR2-IL10RB readthrough"
"ENSG00000243646|IL10RB",335.583543062794,-11.8451891339489,1.59930124223541,-7.40647779238409,1.29697949556944e-13,1.68607334424027e-11,"IL10RB","interleukin 10 receptor subunit beta"
"ENSG00000223799|IL10RB-DT",26.8073735311857,-1.00863502163927,2.50164245772798,-0.403189120221169,0.686809102812485,0.993529997146041,"IL10RB-DT",NA
"ENSG00000205930|C21orf62-AS1",6.8517741078567,-0.0211378703229173,2.60670604397608,-0.00810903491468305,0.993529997146041,0.993529997146041,"EPCIP-AS1","EPCIP antisense RNA 1"
"ENSG00000205929|C21orf62",40.8335086164486,-0.207347594926799,0.656694537307408,-0.315744357760261,0.752196555055114,0.993529997146041,"EPCIP","exosomal polycystin 1 interacting protein"
"ENSG00000205927|OLIG2",2.9775711118098,-0.873662825598482,2.4761616189952,-0.3528294837043,0.724216278697557,0.993529997146041,"OLIG2","oligodendrocyte transcription factor 2"
"ENSG00000184221|OLIG1",183.947371801883,0.547280815432376,0.568933212577514,0.961942110837504,0.336078683761881,0.993529997146041,"OLIG1","oligodendrocyte transcription factor 1"
"ENSG00000207098|SNORA70",885.714367495591,0.300980205221811,0.289020171199563,1.04138131249666,0.297698612091433,0.993529997146041,"LOC124900470","small nucleolar RNA SNORA70"
"ENSG00000238197|PAXBP1-AS1",18.9824630853656,-0.213898906009749,0.934456357247672,-0.228901975304403,0.818945105256338,0.993529997146041,"PAXBP1-AS1","PAXBP1 antisense RNA 1"
"ENSG00000215088|RPS5P3",25.3017580139621,-0.100718182222851,0.804033974526403,-0.125266077571133,0.900312906784639,0.993529997146041,"RPS5P3","RPS5 pseudogene 3"
"ENSG00000142188|TMEM50B",14.4476371810838,-7.30785399208247,4.78846054686758,-1.52613849911805,0.126975375891633,0.982030600945242,"TMEM50B","transmembrane protein 50B"
"ENSG00000142166|IFNAR1",125.66351925015,0.253874393029504,0.323481606330366,0.78481863593266,0.432559912024977,0.993529997146041,"IFNAR1","interferon alpha and beta receptor subunit 1"
"ENSG00000224598|RPS5P2",1809.69107577471,-0.270078920005467,0.357755622634582,-0.754925717215996,0.45029355411042,0.993529997146041,"RPS5P2","RPS5 pseudogene 2"
"ENSG00000159131|GART",5.01605508005292,-2.01423918447553,1.64955772331278,-1.22107832663798,0.222056364870363,0.993529997146041,"GART","phosphoribosylglycinamide formyltransferase, phosphoribosylglycinamide synthetase, phosphoribosylaminoimidazole synthetase"
"ENSG00000159140|SON",993.311469331732,0.27019769236412,0.242615218566917,1.11368814355558,0.265412997512147,0.993529997146041,"SON","SON DNA and RNA binding protein"
"ENSG00000205726|ITSN1",9.9009878194035,-2.5056294993837,2.0340904587761,-1.23181812715022,0.218017030339263,0.993529997146041,"ITSN1","intersectin 1"
"ENSG00000237945|LINC00649",294.780495764212,0.176130787247242,0.357869996247763,0.492164163226755,0.622603296286586,0.993529997146041,"LINC00649","long intergenic non-protein coding RNA 649"
"ENSG00000233956|BTF3P6",35.9053287628963,-0.307221244699911,0.535800357067208,-0.573387532590567,0.566382329927323,0.993529997146041,"BTF3P6","basic transcription factor 3 pseudogene 6"
"ENSG00000244294|RN7SL740P",3.85561335167694,-0.327911201990976,1.53219266357691,-0.21401434022368,0.830535874372687,0.993529997146041,"RN7SL740P","RNA, 7SL, cytoplasmic 740, pseudogene"
"ENSG00000185917|SETD4",30.4197862431129,-1.27460257742109,4.18571946700036,-0.30451218421824,0.760737711569191,0.993529997146041,"SETD4","SET domain containing 4"
"ENSG00000159228|CBR1",118.770488107538,-0.5134025678641,0.562974371999409,-0.911946606096376,0.361796825653571,0.993529997146041,"CBR1","carbonyl reductase 1"
"ENSG00000189089|RIMKLBP1",63.7391476850491,-0.20884778371948,0.44052682876522,-0.474086412182596,0.635438287697075,0.993529997146041,"RIMKLBP1",NA
"ENSG00000214914|RPL23AP3",122.738719771869,-0.317448834007223,0.505745254364977,-0.627685245224531,0.53021015292487,0.993529997146041,"RPL23AP3","ribosomal protein L23a pseudogene 3"
"ENSG00000226054|MEMO1P1",607.451653000335,-0.275960083434507,0.222565084639349,-1.23990734612161,0.215009666430552,0.993529997146041,"MEMO1P1",NA
"ENSG00000180509|KCNE1",7.84188467770931,-0.133264711799726,1.30390114688328,-0.102204612763989,0.918594266475135,0.993529997146041,"KCNE1","potassium voltage-gated channel subfamily E regulatory subunit 1"
"ENSG00000159200|RCAN1",49.0786832453635,0.158456058421703,0.634712703845603,0.249650050269433,0.802857989273871,0.993529997146041,"RCAN1","regulator of calcineurin 1"
"ENSG00000214867|SRSF9P1",29.6365213226466,0.0708239684494681,0.688996588368097,0.10279291602476,0.918127327675387,0.993529997146041,"SRSF9P1",NA
"ENSG00000236830|CBR3-AS1",23.1803572703447,-0.0102164238994326,0.711184814002283,-0.0143653572155715,0.988538497474573,0.993529997146041,"CBR3-AS1","CBR3 antisense RNA 1"
"ENSG00000214889|RPS9P1",4409.88318516126,-0.18604480799205,0.252237410916028,-0.737578170170743,0.46077082491082,0.993529997146041,"RPS9P1",NA
"ENSG00000228149|RPL3P1",3492.06778577314,-0.17831949408554,0.311711874646489,-0.572065129978676,0.567277851574717,0.993529997146041,"RPL3P1","ribosomal protein L3 pseudogene 1"
"ENSG00000224790|HLCS-AS1",49.5064015454871,-0.284897045880659,0.504378298896784,-0.564847945488155,0.572177192435204,0.993529997146041,"HLCS-AS1","HLCS antisense RNA 1"
"ENSG00000215734|MRPL20P1",462.635282398655,-0.344054412954446,0.267242979955546,-1.28742170519007,0.197947343012327,0.993529997146041,"MRPL20P1",NA
"ENSG00000185808|PIGP",2.75193089163501,-4.9171028043019,4.80423541587653,-1.02349330926881,0.306074661757961,0.993529997146041,"PIGP","phosphatidylinositol glycan anchor biosynthesis class P"
"ENSG00000159259|CHAF1B",11.1648176778281,-6.93515562460881,4.78955787689213,-1.44797407252732,0.147624301875973,0.993529997146041,"CHAF1B","chromatin assembly factor 1 subunit B"
"ENSG00000228107",45.9331858793764,1.12176451904342,2.600037545851,0.431441661615029,0.666147262667178,0.993529997146041,NA,NA
"ENSG00000230366|DSCR9",3.59204635163437,0.481531052240858,1.51533023981667,0.317773010521533,0.750657124822064,0.993529997146041,"DSCR9","Down syndrome critical region 9"
"ENSG00000157540|DYRK1A",157.839007902587,0.466290115841268,4.09519503395351,0.113862737177406,0.909346604829449,0.993529997146041,"DYRK1A","dual specificity tyrosine phosphorylation regulated kinase 1A"
"ENSG00000279365",5.38365229506155,0.210199865713075,1.33016540666828,0.158025358845839,0.874436816307985,0.993529997146041,NA,NA
"ENSG00000157542|KCNJ6",2.79450013512314,-0.446671083310124,4.64505125403755,-0.096160636101027,0.923392993727409,0.993529997146041,"KCNJ6","potassium inwardly rectifying channel subfamily J member 6"
"ENSG00000182670|TTC3",26.0153423752399,0.7412957407005,0.645270457698585,1.14881400791909,0.250632681993965,0.993529997146041,"TTC3","tetratricopeptide repeat domain 3"
"ENSG00000157551|KCNJ15",627.090592904678,-25.3926744577794,4.78482187679699,-5.30692157652011,1.1149211680603e-07,4.83132506159461e-06,"KCNJ15","potassium inwardly rectifying channel subfamily J member 15"
"ENSG00000185658|BRWD1",169.886007606003,0.0463785669716249,0.457081405033134,0.101466755070167,0.919179946935195,0.993529997146041,"BRWD1","bromodomain and WD repeat domain containing 1"
"ENSG00000231480|SNRPGP13",3.00910313775475,1.59815694153808,1.80911549626835,0.883391328433475,0.377024874371351,0.993529997146041,"SNRPGP13",NA
"ENSG00000228349|RPS26P4",169.061668424164,-2.0767649889246,0.346525061664832,-5.99311628124981,2.05857543182493e-09,1.33807403068621e-07,"RPS26P4","ribosomal protein S26 pseudogene 4"
"ENSG00000157601|MX1",3046.97106843487,-8.69827399530573,2.64841385921187,-3.28433336242026,0.00102223929254541,0.0189844440044148,"MX1","MX dynamin like GTPase 1"
"ENSG00000160179|ABCG1",4.57236146121243,1.89384121073242,1.54919218438291,1.22247015562294,0.221529883200079,0.993529997146041,"ABCG1","ATP binding cassette subfamily G member 1"
"ENSG00000160194|NDUFV3",49.7606294337181,-0.277195361017608,0.547177162935264,-0.506591611993871,0.612441395027209,0.993529997146041,"NDUFV3","NADH:ubiquinone oxidoreductase subunit V3"
"ENSG00000214326|RPL31P1",6.05280252950402,0.8485947101063,1.42910376161193,0.593795029375017,0.552649214017212,0.993529997146041,"RPL31P1","ribosomal protein L31 pseudogene 1"
"ENSG00000234289|H2BC12L",2297.98400978396,0.0889623189655087,0.280574678442295,0.317071802271727,0.751189120335086,0.993529997146041,"H2BC12L","H2B clustered histone 12 like"
"ENSG00000160213|CSTB",404.907476640721,0.295848307981923,0.334568573089098,0.884268074703887,0.376551517871162,0.993529997146041,"CSTB","cystatin B"
"ENSG00000160214|RRP1",11.00772356654,-6.91565834528346,4.78962345017399,-1.4438835155261,0.14877174433378,0.993529997146041,"RRP1","ribosomal RNA processing 1"
"ENSG00000160223|ICOSLG",28.6893069247432,-0.440332227402384,0.838316495640294,-0.525257739400755,0.59940403125648,0.993529997146041,"ICOSLG","inducible T cell costimulator ligand"
"ENSG00000232124",2.32100193579898,-2.12634159183174,2.48511578725073,-0.855630793036045,0.392202031749405,0.993529997146041,"LOC105372832","uncharacterized LOC105372832"
"ENSG00000141959|PFKL",38.6485729182462,8.73407970212042,1.69059775687882,5.16626717773792,2.38815352045034e-07,7.76149894146359e-06,"PFKL","phosphofructokinase, liver type"
"ENSG00000182912|TSPEAR-AS2",7.08133864025365,6.28457789571294,2.59639851945257,2.42049818185769,0.0154992568002562,0.223878153781478,"TSPEAR-AS2",NA
"ENSG00000205445|KRTAP10-2",4.39610580111544,0.0199470124113978,1.3322823755981,0.0149720605606923,0.988054470327045,0.993529997146041,"KRTAP10-2","keratin associated protein 10-2"
"ENSG00000215454|KRTAP10-4",3.59204635163437,0.481531052240858,1.51533023981667,0.317773010521533,0.750657124822064,0.993529997146041,"KRTAP10-4","keratin associated protein 10-4"
"ENSG00000187766|KRTAP10-8",4.59175783623376,0.211988601407658,1.61823013083539,0.131000280719172,0.89577508533709,0.993529997146041,"KRTAP10-8","keratin associated protein 10-8"
"ENSG00000221859|KRTAP10-10",3.71972418230492,0.295626548979592,1.57312638763964,0.18792294840541,0.850937052994809,0.993529997146041,"KRTAP10-10","keratin associated protein 10-10"
"ENSG00000243489|KRTAP10-11",10.2274945062867,1.1191985792801,0.944196752446199,1.18534466082468,0.235881202179482,0.993529997146041,"KRTAP10-11","keratin associated protein 10-11"
"ENSG00000212933|KRTAP12-4",5.29580640829058,-0.560432451511137,1.23457896298327,-0.453946218358438,0.649867536680725,0.993529997146041,"KRTAP12-4","keratin associated protein 12-4"
"ENSG00000205439|KRTAP12-3",4.91458305499108,1.6144936704431,1.68733259830626,0.956831908577912,0.338652103953801,0.993529997146041,"KRTAP12-3","keratin associated protein 12-3"
"ENSG00000229880|IMMTP1",799.181843805142,0.016206344746517,0.284484161204677,0.0569674764243098,0.954571103104036,0.993529997146041,"IMMTP1","inner membrane mitochondrial protein pseudogene 1"
"ENSG00000184900|SUMO3",150.26308668491,24.0661890118224,4.71059703596226,5.10894666389273,3.23959779479481e-07,8.4229542664665e-06,"SUMO3","small ubiquitin like modifier 3"
"ENSG00000160255|ITGB2",4660.16430638306,1.14476928675518,3.80427203716234,0.300916778708886,0.763477955418147,0.993529997146041,"ITGB2","integrin subunit beta 2"
"ENSG00000235374|SSR4P1",8.58840746793461,0.762791687980243,1.03381685259724,0.737840252907365,0.460611529334315,0.993529997146041,"SSR4P1",NA
"ENSG00000233922|LINC01694",18.1790267619631,0.115133708344069,0.816637085784748,0.140985157725761,0.887881667640153,0.993529997146041,"LINC01694","long intergenic non-protein coding RNA 1694"
"ENSG00000215424|MCM3AP-AS1",17.6582232213247,-7.59728817653934,4.78778372739609,-1.58680688375021,0.112556389292581,0.982030600945242,"MCM3AP-AS1","MCM3AP antisense RNA 1"
"ENSG00000160294|MCM3AP",39.4617448119137,-8.75656996875803,1.86947106897827,-4.68398260559539,2.81353895170665e-06,6.09600106203107e-05,"MCM3AP","minichromosome maintenance complex component 3 associated protein"
"ENSG00000160298|C21orf58",30.2308585823243,-0.0736982458305661,0.779367514681012,-0.0945616085380851,0.924663045088272,0.993529997146041,"C21orf58","chromosome 21 open reading frame 58"
"ENSG00000160305|DIP2A",334.853211416049,0.106944720157985,0.253527994433547,0.421826080377948,0.673151967865547,0.993529997146041,"DIP2A","DIP2 acetate--CoA ligase A"
"ENSG00000160299|PCNT",99.3250585623099,0.162280158339458,0.389255011699626,0.416899342235532,0.676752034686685,0.993529997146041,"PCNT","pericentrin"
"ENSG00000230982|DSTNP1",6.49158599578665,0.158196209061601,1.45570367747394,0.108673359495881,0.913461572726516,0.993529997146041,"DSTNP1",NA
